{"stats":{"minecraft:used":{"minecraft:redstone_torch":21,"minecraft:crimson_sign":9,"minecraft:lever":14,"minecraft:redstone_lamp":8,"minecraft:grass_block":8,"minecraft:white_concrete_powder":19,"minecraft:redstone":36},"minecraft:dropped":{"minecraft:redstone_torch":4,"minecraft:grass_block":4},"minecraft:custom":{"minecraft:jump":27,"minecraft:time_since_rest":33378,"minecraft:damage_taken":240,"minecraft:leave_game":3,"minecraft:play_time":33646,"minecraft:sprint_one_cm":21492,"minecraft:walk_one_cm":59606,"minecraft:time_since_death":33358,"minecraft:deaths":1,"minecraft:total_world_time":34008,"minecraft:drop":8,"minecraft:fly_one_cm":1030},"minecraft:picked_up":{"minecraft:redstone_torch":6,"minecraft:grass_block":1}},"DataVersion":3465}